class,idx
1,./Database/DB_Print/001/001P_PL03.bmp
1,./Database/DB_Print/001/001P_PL02.bmp
1,./Database/DB_Print/001/001P_PL01.bmp
1,./Database/DB_Print/001/001P_PL05.bmp
1,./Database/DB_Print/001/001P_PR01.bmp
1,./Database/DB_Print/001/001P_PR09.bmp
1,./Database/DB_Print/001/001P_PR06.bmp
1,./Database/DB_Print/001/001P_PL06.bmp
1,./Database/DB_Print/001/001P_PR10.bmp
1,./Database/DB_Print/001/001P_PL10.bmp
1,./Database/DB_Print/001/001P_PL07.bmp
1,./Database/DB_Print/001/001P_PL09.bmp
1,./Database/DB_Print/001/001P_PR02.bmp
1,./Database/DB_Print/001/001P_PL08.bmp
1,./Database/DB_Print/001/001P_PR04.bmp
1,./Database/DB_Print/001/001P_PL04.bmp
1,./Database/DB_Print/001/001P_PR07.bmp
1,./Database/DB_Print/001/001P_PR08.bmp
1,./Database/DB_Print/001/001P_PR05.bmp
1,./Database/DB_Print/001/001P_PR03.bmp
2,./Database/DB_Print/002/002P_PR02.bmp
2,./Database/DB_Print/002/002P_PL10.bmp
2,./Database/DB_Print/002/002P_PL06.bmp
2,./Database/DB_Print/002/002P_PL01.bmp
2,./Database/DB_Print/002/002P_PR06.bmp
2,./Database/DB_Print/002/002P_PR10.bmp
2,./Database/DB_Print/002/002P_PR03.bmp
2,./Database/DB_Print/002/002P_PR01.bmp
2,./Database/DB_Print/002/002P_PL05.bmp
2,./Database/DB_Print/002/002P_PR08.bmp
2,./Database/DB_Print/002/002P_PL09.bmp
2,./Database/DB_Print/002/002P_PR04.bmp
2,./Database/DB_Print/002/002P_PL02.bmp
2,./Database/DB_Print/002/002P_PL04.bmp
2,./Database/DB_Print/002/002P_PR07.bmp
2,./Database/DB_Print/002/002P_PL03.bmp
2,./Database/DB_Print/002/002P_PL07.bmp
2,./Database/DB_Print/002/002P_PR09.bmp
2,./Database/DB_Print/002/002P_PL08.bmp
2,./Database/DB_Print/002/002P_PR05.bmp
3,./Database/DB_Print/003/003P_PL01.bmp
3,./Database/DB_Print/003/003P_PR10.bmp
3,./Database/DB_Print/003/003P_PL09.bmp
3,./Database/DB_Print/003/003P_PL07.bmp
3,./Database/DB_Print/003/003P_PR06.bmp
3,./Database/DB_Print/003/003P_PR05.bmp
3,./Database/DB_Print/003/003P_PR07.bmp
3,./Database/DB_Print/003/003P_PR09.bmp
3,./Database/DB_Print/003/003P_PR01.bmp
3,./Database/DB_Print/003/003P_PL02.bmp
3,./Database/DB_Print/003/003P_PL10.bmp
3,./Database/DB_Print/003/003P_PL05.bmp
3,./Database/DB_Print/003/003P_PL06.bmp
3,./Database/DB_Print/003/003P_PL08.bmp
3,./Database/DB_Print/003/003P_PR03.bmp
3,./Database/DB_Print/003/003P_PR08.bmp
3,./Database/DB_Print/003/003P_PL04.bmp
3,./Database/DB_Print/003/003P_PR04.bmp
3,./Database/DB_Print/003/003P_PR02.bmp
3,./Database/DB_Print/003/003P_PL03.bmp
4,./Database/DB_Print/004/004P_PL10.bmp
4,./Database/DB_Print/004/004P_PL09.bmp
4,./Database/DB_Print/004/004P_PR02.bmp
4,./Database/DB_Print/004/004P_PL05.bmp
4,./Database/DB_Print/004/004P_PL03.bmp
4,./Database/DB_Print/004/004P_PR04.bmp
4,./Database/DB_Print/004/004P_PR09.bmp
4,./Database/DB_Print/004/004P_PR10.bmp
4,./Database/DB_Print/004/004P_PL02.bmp
4,./Database/DB_Print/004/004P_PL04.bmp
4,./Database/DB_Print/004/004P_PR03.bmp
4,./Database/DB_Print/004/004P_PL01.bmp
4,./Database/DB_Print/004/004P_PL07.bmp
4,./Database/DB_Print/004/004P_PR07.bmp
4,./Database/DB_Print/004/004P_PR05.bmp
4,./Database/DB_Print/004/004P_PR08.bmp
4,./Database/DB_Print/004/004P_PR06.bmp
4,./Database/DB_Print/004/004P_PR01.bmp
4,./Database/DB_Print/004/004P_PL06.bmp
4,./Database/DB_Print/004/004P_PL08.bmp
6,./Database/DB_Print/006/006_P_PL05.bmp
6,./Database/DB_Print/006/006_P_PL03.bmp
6,./Database/DB_Print/006/006_P_PR08.bmp
6,./Database/DB_Print/006/006_P_PR03.bmp
6,./Database/DB_Print/006/006_P_PL06.bmp
6,./Database/DB_Print/006/006_P_PL08.bmp
6,./Database/DB_Print/006/006_P_PR06.bmp
6,./Database/DB_Print/006/006_P_PR05.bmp
6,./Database/DB_Print/006/006_P_PL07.bmp
6,./Database/DB_Print/006/006_P_PR02.bmp
6,./Database/DB_Print/006/006_P_PR07.bmp
6,./Database/DB_Print/006/006_P_PL01.bmp
6,./Database/DB_Print/006/006_P_PL02.bmp
6,./Database/DB_Print/006/006_P_PL04.bmp
6,./Database/DB_Print/006/006_P_PL10.bmp
6,./Database/DB_Print/006/006_P_PR09.bmp
6,./Database/DB_Print/006/006_P_PL09.bmp
6,./Database/DB_Print/006/006_P_PR10.bmp
6,./Database/DB_Print/006/006_P_PR04.bmp
6,./Database/DB_Print/006/006_P_PR01.bmp
7,./Database/DB_Print/007/007_P_PL07.bmp
7,./Database/DB_Print/007/007_P_PR05.bmp
7,./Database/DB_Print/007/007_P_PR08.bmp
7,./Database/DB_Print/007/007_P_PR10.bmp
7,./Database/DB_Print/007/007_P_PL05.bmp
7,./Database/DB_Print/007/007_P_PR03.bmp
7,./Database/DB_Print/007/007_P_PR01.bmp
7,./Database/DB_Print/007/007_P_PL06.bmp
7,./Database/DB_Print/007/007_P_PL03.bmp
7,./Database/DB_Print/007/007_P_PR09.bmp
7,./Database/DB_Print/007/007_P_PR02.bmp
7,./Database/DB_Print/007/007_P_PL04.bmp
7,./Database/DB_Print/007/007_P_PR04.bmp
7,./Database/DB_Print/007/007_P_PR07.bmp
7,./Database/DB_Print/007/007_P_PL01.bmp
7,./Database/DB_Print/007/007_P_PL09.bmp
7,./Database/DB_Print/007/007_P_PL02.bmp
7,./Database/DB_Print/007/007_P_PL08.bmp
7,./Database/DB_Print/007/007_P_PR06.bmp
7,./Database/DB_Print/007/007_P_PL10.bmp
8,./Database/DB_Print/008/008_P_PR06.bmp
8,./Database/DB_Print/008/008_P_PL01.bmp
8,./Database/DB_Print/008/008_P_PR02.bmp
8,./Database/DB_Print/008/008_P_PR04.bmp
8,./Database/DB_Print/008/008_P_PR07.bmp
8,./Database/DB_Print/008/008_P_PL09.bmp
8,./Database/DB_Print/008/008_P_PR01.bmp
8,./Database/DB_Print/008/008_P_PR08.bmp
8,./Database/DB_Print/008/008_P_PL10.bmp
8,./Database/DB_Print/008/008_P_PL03.bmp
8,./Database/DB_Print/008/008_P_PL02.bmp
8,./Database/DB_Print/008/008_P_PL05.bmp
8,./Database/DB_Print/008/008_P_PL04.bmp
8,./Database/DB_Print/008/008_P_PR09.bmp
8,./Database/DB_Print/008/008_P_PL08.bmp
8,./Database/DB_Print/008/008_P_PL06.bmp
8,./Database/DB_Print/008/008_P_PL07.bmp
8,./Database/DB_Print/008/008_P_PR05.bmp
8,./Database/DB_Print/008/008_P_PR10.bmp
8,./Database/DB_Print/008/008_P_PR03.bmp
11,./Database/DB_Print/011/011P_PL05.bmp
11,./Database/DB_Print/011/011P_PL10.bmp
11,./Database/DB_Print/011/011P_PR10.bmp
11,./Database/DB_Print/011/011P_PR03.bmp
11,./Database/DB_Print/011/011P_PL09.bmp
11,./Database/DB_Print/011/011P_PR05.bmp
11,./Database/DB_Print/011/011P_PR06.bmp
11,./Database/DB_Print/011/011P_PL04.bmp
11,./Database/DB_Print/011/011P_PL07.bmp
11,./Database/DB_Print/011/011P_PR09.bmp
11,./Database/DB_Print/011/011P_PL03.bmp
11,./Database/DB_Print/011/011P_PR07.bmp
11,./Database/DB_Print/011/011P_PR08.bmp
11,./Database/DB_Print/011/011P_PR04.bmp
11,./Database/DB_Print/011/011P_PL01.bmp
11,./Database/DB_Print/011/011P_PL08.bmp
11,./Database/DB_Print/011/011P_PL06.bmp
11,./Database/DB_Print/011/011P_PR01.bmp
11,./Database/DB_Print/011/011P_PR02.bmp
11,./Database/DB_Print/011/011P_PL02.bmp
12,./Database/DB_Print/012/012P_PR10.bmp
12,./Database/DB_Print/012/012P_PL09.bmp
12,./Database/DB_Print/012/012P_PL02.bmp
12,./Database/DB_Print/012/012P_PL06.bmp
12,./Database/DB_Print/012/012P_PR02.bmp
12,./Database/DB_Print/012/012P_PL08.bmp
12,./Database/DB_Print/012/012P_PL07.bmp
12,./Database/DB_Print/012/012P_PR01.bmp
12,./Database/DB_Print/012/012P_PR03.bmp
12,./Database/DB_Print/012/012P_PL04.bmp
12,./Database/DB_Print/012/012P_PL10.bmp
12,./Database/DB_Print/012/012P_PR09.bmp
12,./Database/DB_Print/012/012P_PR04.bmp
12,./Database/DB_Print/012/012P_PL01.bmp
12,./Database/DB_Print/012/012P_PR08.bmp
12,./Database/DB_Print/012/012P_PL03.bmp
12,./Database/DB_Print/012/012P_PL05.bmp
12,./Database/DB_Print/012/012P_PR05.bmp
12,./Database/DB_Print/012/012P_PR06.bmp
12,./Database/DB_Print/012/012P_PR07.bmp
13,./Database/DB_Print/013/013P_PL07.bmp
13,./Database/DB_Print/013/013P_PR07.bmp
13,./Database/DB_Print/013/013P_PL02.bmp
13,./Database/DB_Print/013/013P_PR05.bmp
13,./Database/DB_Print/013/013P_PL04.bmp
13,./Database/DB_Print/013/013P_PR10.bmp
13,./Database/DB_Print/013/013P_PR08.bmp
13,./Database/DB_Print/013/013P_PL06.bmp
13,./Database/DB_Print/013/013P_PR01.bmp
13,./Database/DB_Print/013/013P_PL05.bmp
13,./Database/DB_Print/013/013P_PL09.bmp
13,./Database/DB_Print/013/013P_PR04.bmp
13,./Database/DB_Print/013/013P_PR06.bmp
13,./Database/DB_Print/013/013P_PL03.bmp
13,./Database/DB_Print/013/013P_PL10.bmp
13,./Database/DB_Print/013/013P_PL01.bmp
13,./Database/DB_Print/013/013P_PR09.bmp
13,./Database/DB_Print/013/013P_PR02.bmp
13,./Database/DB_Print/013/013P_PR03.bmp
13,./Database/DB_Print/013/013P_PL08.bmp
14,./Database/DB_Print/014/014P_PL07.bmp
14,./Database/DB_Print/014/014P_PR04.bmp
14,./Database/DB_Print/014/014P_PL05.bmp
14,./Database/DB_Print/014/014P_PR03.bmp
14,./Database/DB_Print/014/014P_PL01.bmp
14,./Database/DB_Print/014/014P_PR08.bmp
14,./Database/DB_Print/014/014P_PR05.bmp
14,./Database/DB_Print/014/014P_PR01.bmp
14,./Database/DB_Print/014/014P_PL02.bmp
14,./Database/DB_Print/014/014P_PR09.bmp
14,./Database/DB_Print/014/014P_PL08.bmp
14,./Database/DB_Print/014/014P_PL09.bmp
14,./Database/DB_Print/014/014P_PR06.bmp
14,./Database/DB_Print/014/014P_PR10.bmp
14,./Database/DB_Print/014/014P_PL06.bmp
14,./Database/DB_Print/014/014P_PR02.bmp
14,./Database/DB_Print/014/014P_PL03.bmp
14,./Database/DB_Print/014/014P_PL10.bmp
14,./Database/DB_Print/014/014P_PR07.bmp
14,./Database/DB_Print/014/014P_PL04.bmp
15,./Database/DB_Print/015/015P_PL04.bmp
15,./Database/DB_Print/015/015P_PL10.bmp
15,./Database/DB_Print/015/015P_PL09.bmp
15,./Database/DB_Print/015/015P_PR02.bmp
15,./Database/DB_Print/015/015P_PL06.bmp
15,./Database/DB_Print/015/015P_PR06.bmp
15,./Database/DB_Print/015/015P_PR01.bmp
15,./Database/DB_Print/015/015P_PR05.bmp
15,./Database/DB_Print/015/015P_PL08.bmp
15,./Database/DB_Print/015/015P_PR04.bmp
15,./Database/DB_Print/015/015P_PR09.bmp
15,./Database/DB_Print/015/015P_PR08.bmp
15,./Database/DB_Print/015/015P_PR10.bmp
15,./Database/DB_Print/015/015P_PR03.bmp
15,./Database/DB_Print/015/015P_PR07.bmp
15,./Database/DB_Print/015/015P_PL07.bmp
15,./Database/DB_Print/015/015P_PL03.bmp
15,./Database/DB_Print/015/015P_PL02.bmp
15,./Database/DB_Print/015/015P_PL05.bmp
15,./Database/DB_Print/015/015P_PL01.bmp
16,./Database/DB_Print/016/016P_PR09.bmp
16,./Database/DB_Print/016/016P_PR08.bmp
16,./Database/DB_Print/016/016P_PL09.bmp
16,./Database/DB_Print/016/016P_PR01.bmp
16,./Database/DB_Print/016/016P_PL10.bmp
16,./Database/DB_Print/016/016P_PL02.bmp
16,./Database/DB_Print/016/016P_PR03.bmp
16,./Database/DB_Print/016/016P_PL06.bmp
16,./Database/DB_Print/016/016P_PR06.bmp
16,./Database/DB_Print/016/016P_PL03.bmp
16,./Database/DB_Print/016/016P_PR02.bmp
16,./Database/DB_Print/016/016P_PR05.bmp
16,./Database/DB_Print/016/016P_PL05.bmp
16,./Database/DB_Print/016/016P_PL08.bmp
16,./Database/DB_Print/016/016P_PR04.bmp
16,./Database/DB_Print/016/016P_PL07.bmp
16,./Database/DB_Print/016/016P_PL04.bmp
16,./Database/DB_Print/016/016P_PR07.bmp
16,./Database/DB_Print/016/016P_PR10.bmp
16,./Database/DB_Print/016/016P_PL01.bmp
17,./Database/DB_Print/017/017P_PR01.bmp
17,./Database/DB_Print/017/017P_PL09.bmp
17,./Database/DB_Print/017/017P_PL10.bmp
17,./Database/DB_Print/017/017P_PL01.bmp
17,./Database/DB_Print/017/017P_PL02.bmp
17,./Database/DB_Print/017/017P_PL07.bmp
17,./Database/DB_Print/017/017P_PL06.bmp
17,./Database/DB_Print/017/017P_PR04.bmp
17,./Database/DB_Print/017/017P_PR10.bmp
17,./Database/DB_Print/017/017P_PL08.bmp
17,./Database/DB_Print/017/017P_PR07.bmp
17,./Database/DB_Print/017/017P_PL05.bmp
17,./Database/DB_Print/017/017P_PL04.bmp
17,./Database/DB_Print/017/017P_PR02.bmp
17,./Database/DB_Print/017/017P_PR03.bmp
17,./Database/DB_Print/017/017P_PR05.bmp
17,./Database/DB_Print/017/017P_PR09.bmp
17,./Database/DB_Print/017/017P_PR06.bmp
17,./Database/DB_Print/017/017P_PR08.bmp
17,./Database/DB_Print/017/017P_PL03.bmp
20,./Database/DB_Print/020/020P_PR09.bmp
20,./Database/DB_Print/020/020P_PL02.bmp
20,./Database/DB_Print/020/020P_PL06.bmp
20,./Database/DB_Print/020/020P_PL04.bmp
20,./Database/DB_Print/020/020P_PR04.bmp
20,./Database/DB_Print/020/020P_PL09.bmp
20,./Database/DB_Print/020/020P_PR07.bmp
20,./Database/DB_Print/020/020P_PR05.bmp
20,./Database/DB_Print/020/020P_PL03.bmp
20,./Database/DB_Print/020/020P_PR06.bmp
20,./Database/DB_Print/020/020P_PL10.bmp
20,./Database/DB_Print/020/020P_PL08.bmp
20,./Database/DB_Print/020/020P_PL01.bmp
20,./Database/DB_Print/020/020P_PR08.bmp
20,./Database/DB_Print/020/020P_PL07.bmp
20,./Database/DB_Print/020/020P_PL05.bmp
20,./Database/DB_Print/020/020P_PR10.bmp
20,./Database/DB_Print/020/020P_PR02.bmp
20,./Database/DB_Print/020/020P_PR01.bmp
20,./Database/DB_Print/020/020P_PR03.bmp
21,./Database/DB_Print/021/021P_PL05.bmp
21,./Database/DB_Print/021/021P_PR04.bmp
21,./Database/DB_Print/021/021P_PL01.bmp
21,./Database/DB_Print/021/021P_PL04.bmp
21,./Database/DB_Print/021/021P_PL07.bmp
21,./Database/DB_Print/021/021P_PR03.bmp
21,./Database/DB_Print/021/021P_PR10.bmp
21,./Database/DB_Print/021/021P_PR07.bmp
21,./Database/DB_Print/021/021P_PR09.bmp
21,./Database/DB_Print/021/021P_PR01.bmp
21,./Database/DB_Print/021/021P_PR06.bmp
21,./Database/DB_Print/021/021P_PR08.bmp
21,./Database/DB_Print/021/021P_PL02.bmp
21,./Database/DB_Print/021/021P_PL10.bmp
21,./Database/DB_Print/021/021P_PR05.bmp
21,./Database/DB_Print/021/021P_PR02.bmp
21,./Database/DB_Print/021/021P_PL09.bmp
21,./Database/DB_Print/021/021P_PL03.bmp
21,./Database/DB_Print/021/021P_PL08.bmp
21,./Database/DB_Print/021/021P_PL06.bmp
22,./Database/DB_Print/022/022P_PR04.bmp
22,./Database/DB_Print/022/022P_PR03.bmp
22,./Database/DB_Print/022/022P_PR08.bmp
22,./Database/DB_Print/022/022P_PR02.bmp
22,./Database/DB_Print/022/022P_PL01.bmp
22,./Database/DB_Print/022/022P_PR09.bmp
22,./Database/DB_Print/022/022P_PR10.bmp
22,./Database/DB_Print/022/022P_PR06.bmp
22,./Database/DB_Print/022/022P_PL05.bmp
22,./Database/DB_Print/022/022P_PL03.bmp
22,./Database/DB_Print/022/022P_PR01.bmp
22,./Database/DB_Print/022/022P_PL08.bmp
22,./Database/DB_Print/022/022P_PR07.bmp
22,./Database/DB_Print/022/022P_PL10.bmp
22,./Database/DB_Print/022/022P_PL09.bmp
22,./Database/DB_Print/022/022P_PL06.bmp
22,./Database/DB_Print/022/022P_PR05.bmp
22,./Database/DB_Print/022/022P_PL04.bmp
22,./Database/DB_Print/022/022P_PL02.bmp
22,./Database/DB_Print/022/022P_PL07.bmp
23,./Database/DB_Print/023/023P_PR10.bmp
23,./Database/DB_Print/023/023P_PR01.bmp
23,./Database/DB_Print/023/023P_PL09.bmp
23,./Database/DB_Print/023/023P_PR03.bmp
23,./Database/DB_Print/023/023P_PL08.bmp
23,./Database/DB_Print/023/023P_PR02.bmp
23,./Database/DB_Print/023/023P_PR06.bmp
23,./Database/DB_Print/023/023P_PL07.bmp
23,./Database/DB_Print/023/023P_PL01.bmp
23,./Database/DB_Print/023/023P_PL03.bmp
23,./Database/DB_Print/023/023P_PL05.bmp
23,./Database/DB_Print/023/023P_PL06.bmp
23,./Database/DB_Print/023/023P_PR09.bmp
23,./Database/DB_Print/023/023P_PL02.bmp
23,./Database/DB_Print/023/023P_PR04.bmp
23,./Database/DB_Print/023/023P_PL04.bmp
23,./Database/DB_Print/023/023P_PR08.bmp
23,./Database/DB_Print/023/023P_PR05.bmp
23,./Database/DB_Print/023/023P_PR07.bmp
23,./Database/DB_Print/023/023P_PL10.bmp
24,./Database/DB_Print/024/024P_PR08.bmp
24,./Database/DB_Print/024/024P_PR09.bmp
24,./Database/DB_Print/024/024P_PR06.bmp
24,./Database/DB_Print/024/024P_PR07.bmp
24,./Database/DB_Print/024/024P_PR10.bmp
24,./Database/DB_Print/024/024P_PL03.bmp
24,./Database/DB_Print/024/024P_PL04.bmp
24,./Database/DB_Print/024/024P_PL09.bmp
24,./Database/DB_Print/024/024P_PR05.bmp
24,./Database/DB_Print/024/024P_PL08.bmp
24,./Database/DB_Print/024/024P_PR01.bmp
24,./Database/DB_Print/024/024P_PL06.bmp
24,./Database/DB_Print/024/024P_PL01.bmp
24,./Database/DB_Print/024/024P_PR03.bmp
24,./Database/DB_Print/024/024P_PL05.bmp
24,./Database/DB_Print/024/024P_PL02.bmp
24,./Database/DB_Print/024/024P_PL07.bmp
24,./Database/DB_Print/024/024P_PR02.bmp
24,./Database/DB_Print/024/024P_PR04.bmp
24,./Database/DB_Print/024/024P_PL10.bmp
25,./Database/DB_Print/025/025P_PR03.bmp
25,./Database/DB_Print/025/025P_PL01.bmp
25,./Database/DB_Print/025/025P_PL09.bmp
25,./Database/DB_Print/025/025P_PL02.bmp
25,./Database/DB_Print/025/025P_PR01.bmp
25,./Database/DB_Print/025/025P_PR05.bmp
25,./Database/DB_Print/025/025P_PR02.bmp
25,./Database/DB_Print/025/025P_PR07.bmp
25,./Database/DB_Print/025/025P_PR04.bmp
25,./Database/DB_Print/025/025P_PL04.bmp
25,./Database/DB_Print/025/025P_PL06.bmp
25,./Database/DB_Print/025/025P_PL05.bmp
25,./Database/DB_Print/025/025P_PR06.bmp
25,./Database/DB_Print/025/025P_PR10.bmp
25,./Database/DB_Print/025/025P_PR08.bmp
25,./Database/DB_Print/025/025P_PL03.bmp
25,./Database/DB_Print/025/025P_PL07.bmp
25,./Database/DB_Print/025/025P_PL08.bmp
25,./Database/DB_Print/025/025P_PL10.bmp
25,./Database/DB_Print/025/025P_PR09.bmp
26,./Database/DB_Print/026/026P_PR06.bmp
26,./Database/DB_Print/026/026P_PR01.bmp
26,./Database/DB_Print/026/026P_PR10.bmp
26,./Database/DB_Print/026/026P_PL09.bmp
26,./Database/DB_Print/026/026P_PR03.bmp
26,./Database/DB_Print/026/026P_PR09.bmp
26,./Database/DB_Print/026/026P_PL07.bmp
26,./Database/DB_Print/026/026P_PL05.bmp
26,./Database/DB_Print/026/026P_PL02.bmp
26,./Database/DB_Print/026/026P_PR04.bmp
26,./Database/DB_Print/026/026P_PR07.bmp
26,./Database/DB_Print/026/026P_PL06.bmp
26,./Database/DB_Print/026/026P_PL04.bmp
26,./Database/DB_Print/026/026P_PR05.bmp
26,./Database/DB_Print/026/026P_PL08.bmp
26,./Database/DB_Print/026/026P_PR08.bmp
26,./Database/DB_Print/026/026P_PL03.bmp
26,./Database/DB_Print/026/026P_PR02.bmp
26,./Database/DB_Print/026/026P_PL01.bmp
26,./Database/DB_Print/026/026P_PL10.bmp
27,./Database/DB_Print/027/027P_PR09.bmp
27,./Database/DB_Print/027/027P_PL09.bmp
27,./Database/DB_Print/027/027P_PL06.bmp
27,./Database/DB_Print/027/027P_PR04.bmp
27,./Database/DB_Print/027/027P_PL08.bmp
27,./Database/DB_Print/027/027P_PR08.bmp
27,./Database/DB_Print/027/027P_PR06.bmp
27,./Database/DB_Print/027/027P_PR03.bmp
27,./Database/DB_Print/027/027P_PL07.bmp
27,./Database/DB_Print/027/027P_PR05.bmp
27,./Database/DB_Print/027/027P_PR07.bmp
27,./Database/DB_Print/027/027P_PL03.bmp
27,./Database/DB_Print/027/027P_PR02.bmp
27,./Database/DB_Print/027/027P_PL04.bmp
27,./Database/DB_Print/027/027P_PR10.bmp
27,./Database/DB_Print/027/027P_PL02.bmp
27,./Database/DB_Print/027/027P_PL10.bmp
27,./Database/DB_Print/027/027P_PL05.bmp
27,./Database/DB_Print/027/027P_PR01.bmp
27,./Database/DB_Print/027/027P_PL01.bmp
28,./Database/DB_Print/028/028P_PR02.bmp
28,./Database/DB_Print/028/028P_PR01.bmp
28,./Database/DB_Print/028/028P_PR07.bmp
28,./Database/DB_Print/028/028P_PL01.bmp
28,./Database/DB_Print/028/028P_PR09.bmp
28,./Database/DB_Print/028/028P_PR05.bmp
28,./Database/DB_Print/028/028P_PL10.bmp
28,./Database/DB_Print/028/028P_PR06.bmp
28,./Database/DB_Print/028/028P_PL07.bmp
28,./Database/DB_Print/028/028P_PR10.bmp
28,./Database/DB_Print/028/028P_PL04.bmp
28,./Database/DB_Print/028/028P_PL03.bmp
28,./Database/DB_Print/028/028P_PL06.bmp
28,./Database/DB_Print/028/028P_PR03.bmp
28,./Database/DB_Print/028/028P_PL08.bmp
28,./Database/DB_Print/028/028P_PL09.bmp
28,./Database/DB_Print/028/028P_PR04.bmp
28,./Database/DB_Print/028/028P_PL02.bmp
28,./Database/DB_Print/028/028P_PL05.bmp
28,./Database/DB_Print/028/028P_PR08.bmp
29,./Database/DB_Print/029/029P_PR04.bmp
29,./Database/DB_Print/029/029P_PL07.bmp
29,./Database/DB_Print/029/029P_PL03.bmp
29,./Database/DB_Print/029/029P_PR08.bmp
29,./Database/DB_Print/029/029P_PR02.bmp
29,./Database/DB_Print/029/029P_PR05.bmp
29,./Database/DB_Print/029/029P_PL09.bmp
29,./Database/DB_Print/029/029P_PR01.bmp
29,./Database/DB_Print/029/029P_PL08.bmp
29,./Database/DB_Print/029/029P_PR03.bmp
29,./Database/DB_Print/029/029P_PL01.bmp
29,./Database/DB_Print/029/029P_PR10.bmp
29,./Database/DB_Print/029/029P_PL05.bmp
29,./Database/DB_Print/029/029P_PL06.bmp
29,./Database/DB_Print/029/029P_PL04.bmp
29,./Database/DB_Print/029/029P_PR09.bmp
29,./Database/DB_Print/029/029P_PL02.bmp
29,./Database/DB_Print/029/029P_PL10.bmp
29,./Database/DB_Print/029/029P_PR07.bmp
29,./Database/DB_Print/029/029P_PR06.bmp
30,./Database/DB_Print/030/030P_PL09.bmp
30,./Database/DB_Print/030/030P_PL10.bmp
30,./Database/DB_Print/030/030P_PR06.bmp
30,./Database/DB_Print/030/030P_PL01.bmp
30,./Database/DB_Print/030/030P_PR02.bmp
30,./Database/DB_Print/030/030P_PL05.bmp
30,./Database/DB_Print/030/030P_PR10.bmp
30,./Database/DB_Print/030/030P_PL06.bmp
30,./Database/DB_Print/030/030P_PL02.bmp
30,./Database/DB_Print/030/030P_PL04.bmp
30,./Database/DB_Print/030/030P_PR01.bmp
30,./Database/DB_Print/030/030P_PL08.bmp
30,./Database/DB_Print/030/030P_PR03.bmp
30,./Database/DB_Print/030/030P_PL03.bmp
30,./Database/DB_Print/030/030P_PR04.bmp
30,./Database/DB_Print/030/030P_PR08.bmp
30,./Database/DB_Print/030/030P_PR07.bmp
30,./Database/DB_Print/030/030P_PL07.bmp
30,./Database/DB_Print/030/030P_PR05.bmp
30,./Database/DB_Print/030/030P_PR09.bmp
31,./Database/DB_Print/031/031P_PR06.bmp
31,./Database/DB_Print/031/031P_PR02.bmp
31,./Database/DB_Print/031/031P_PL04.bmp
31,./Database/DB_Print/031/031P_PL03.bmp
31,./Database/DB_Print/031/031P_PR05.bmp
31,./Database/DB_Print/031/031P_PR10.bmp
31,./Database/DB_Print/031/031P_PL02.bmp
31,./Database/DB_Print/031/031P_PL07.bmp
31,./Database/DB_Print/031/031P_PL01.bmp
31,./Database/DB_Print/031/031P_PL05.bmp
31,./Database/DB_Print/031/031P_PR04.bmp
31,./Database/DB_Print/031/031P_PR01.bmp
31,./Database/DB_Print/031/031P_PL06.bmp
31,./Database/DB_Print/031/031P_PR09.bmp
31,./Database/DB_Print/031/031P_PL08.bmp
31,./Database/DB_Print/031/031P_PR08.bmp
31,./Database/DB_Print/031/031P_PL09.bmp
31,./Database/DB_Print/031/031P_PR07.bmp
31,./Database/DB_Print/031/031P_PR03.bmp
31,./Database/DB_Print/031/031P_PL10.bmp
34,./Database/DB_Print/034/034P_PR07.bmp
34,./Database/DB_Print/034/034P_PR06.bmp
34,./Database/DB_Print/034/034P_PL03.bmp
34,./Database/DB_Print/034/034P_PR02.bmp
34,./Database/DB_Print/034/034P_PL06.bmp
34,./Database/DB_Print/034/034P_PL09.bmp
34,./Database/DB_Print/034/034P_PL10.bmp
34,./Database/DB_Print/034/034P_PL02.bmp
34,./Database/DB_Print/034/034P_PR04.bmp
34,./Database/DB_Print/034/034P_PR08.bmp
34,./Database/DB_Print/034/034P_PR05.bmp
34,./Database/DB_Print/034/034P_PL05.bmp
34,./Database/DB_Print/034/034P_PL04.bmp
34,./Database/DB_Print/034/034P_PR01.bmp
34,./Database/DB_Print/034/034P_PL07.bmp
34,./Database/DB_Print/034/034P_PR10.bmp
34,./Database/DB_Print/034/034P_PR09.bmp
34,./Database/DB_Print/034/034P_PL08.bmp
34,./Database/DB_Print/034/034P_PR03.bmp
34,./Database/DB_Print/034/034P_PL01.bmp
35,./Database/DB_Print/035/035P_PL09.bmp
35,./Database/DB_Print/035/035P_PL04.bmp
35,./Database/DB_Print/035/035P_PL01.bmp
35,./Database/DB_Print/035/035P_PR02.bmp
35,./Database/DB_Print/035/035P_PR09.bmp
35,./Database/DB_Print/035/035P_PL02.bmp
35,./Database/DB_Print/035/035P_PR01.bmp
35,./Database/DB_Print/035/035P_PL07.bmp
35,./Database/DB_Print/035/035P_PR07.bmp
35,./Database/DB_Print/035/035P_PL05.bmp
35,./Database/DB_Print/035/035P_PR03.bmp
35,./Database/DB_Print/035/035P_PL08.bmp
35,./Database/DB_Print/035/035P_PR10.bmp
35,./Database/DB_Print/035/035P_PL06.bmp
35,./Database/DB_Print/035/035P_PR04.bmp
35,./Database/DB_Print/035/035P_PR05.bmp
35,./Database/DB_Print/035/035P_PL03.bmp
35,./Database/DB_Print/035/035P_PL10.bmp
35,./Database/DB_Print/035/035P_PR08.bmp
35,./Database/DB_Print/035/035P_PR06.bmp
36,./Database/DB_Print/036/036P_PR09.bmp
36,./Database/DB_Print/036/036P_PR03.bmp
36,./Database/DB_Print/036/036P_PR08.bmp
36,./Database/DB_Print/036/036P_PL06.bmp
36,./Database/DB_Print/036/036P_PL03.bmp
36,./Database/DB_Print/036/036P_PL10.bmp
36,./Database/DB_Print/036/036P_PR04.bmp
36,./Database/DB_Print/036/036P_PL05.bmp
36,./Database/DB_Print/036/036P_PR05.bmp
36,./Database/DB_Print/036/036P_PR06.bmp
36,./Database/DB_Print/036/036P_PL07.bmp
36,./Database/DB_Print/036/036P_PL01.bmp
36,./Database/DB_Print/036/036P_PL08.bmp
36,./Database/DB_Print/036/036P_PR02.bmp
36,./Database/DB_Print/036/036P_PR07.bmp
36,./Database/DB_Print/036/036P_PR01.bmp
36,./Database/DB_Print/036/036P_PL09.bmp
36,./Database/DB_Print/036/036P_PR10.bmp
36,./Database/DB_Print/036/036P_PL04.bmp
36,./Database/DB_Print/036/036P_PL02.bmp
37,./Database/DB_Print/037/037P_PL10.bmp
37,./Database/DB_Print/037/037P_PL05.bmp
37,./Database/DB_Print/037/037P_PR06.bmp
37,./Database/DB_Print/037/037P_PR08.bmp
37,./Database/DB_Print/037/037P_PR01.bmp
37,./Database/DB_Print/037/037P_PR07.bmp
37,./Database/DB_Print/037/037P_PR09.bmp
37,./Database/DB_Print/037/037P_PL08.bmp
37,./Database/DB_Print/037/037P_PR10.bmp
37,./Database/DB_Print/037/037P_PL04.bmp
37,./Database/DB_Print/037/037P_PL07.bmp
37,./Database/DB_Print/037/037P_PR04.bmp
37,./Database/DB_Print/037/037P_PR02.bmp
37,./Database/DB_Print/037/037P_PL09.bmp
37,./Database/DB_Print/037/037P_PR03.bmp
37,./Database/DB_Print/037/037P_PR05.bmp
37,./Database/DB_Print/037/037P_PL06.bmp
37,./Database/DB_Print/037/037P_PL03.bmp
37,./Database/DB_Print/037/037P_PL02.bmp
37,./Database/DB_Print/037/037P_PL01.bmp
38,./Database/DB_Print/038/038P_PL01.bmp
38,./Database/DB_Print/038/038P_PR03.bmp
38,./Database/DB_Print/038/038P_PR02.bmp
38,./Database/DB_Print/038/038P_PR10.bmp
38,./Database/DB_Print/038/038P_PL05.bmp
38,./Database/DB_Print/038/038P_PR01.bmp
38,./Database/DB_Print/038/038P_PL06.bmp
38,./Database/DB_Print/038/038P_PR04.bmp
38,./Database/DB_Print/038/038P_PL07.bmp
38,./Database/DB_Print/038/038P_PL10.bmp
38,./Database/DB_Print/038/038P_PL02.bmp
38,./Database/DB_Print/038/038P_PL08.bmp
38,./Database/DB_Print/038/038P_PR07.bmp
38,./Database/DB_Print/038/038P_PL03.bmp
38,./Database/DB_Print/038/038P_PR09.bmp
38,./Database/DB_Print/038/038P_PR06.bmp
38,./Database/DB_Print/038/038P_PR05.bmp
38,./Database/DB_Print/038/038P_PL04.bmp
38,./Database/DB_Print/038/038P_PR08.bmp
38,./Database/DB_Print/038/038P_PL09.bmp
39,./Database/DB_Print/039/039P_PL10.bmp
39,./Database/DB_Print/039/039P_PL08.bmp
39,./Database/DB_Print/039/039P_PR09.bmp
39,./Database/DB_Print/039/039P_PR03.bmp
39,./Database/DB_Print/039/039P_PL09.bmp
39,./Database/DB_Print/039/039P_PL06.bmp
39,./Database/DB_Print/039/039P_PL03.bmp
39,./Database/DB_Print/039/039P_PR02.bmp
39,./Database/DB_Print/039/039P_PR10.bmp
39,./Database/DB_Print/039/039P_PL04.bmp
39,./Database/DB_Print/039/039P_PR06.bmp
39,./Database/DB_Print/039/039P_PL05.bmp
39,./Database/DB_Print/039/039P_PR01.bmp
39,./Database/DB_Print/039/039P_PR05.bmp
39,./Database/DB_Print/039/039P_PL01.bmp
39,./Database/DB_Print/039/039P_PR07.bmp
39,./Database/DB_Print/039/039P_PL07.bmp
39,./Database/DB_Print/039/039P_PR08.bmp
39,./Database/DB_Print/039/039P_PL02.bmp
39,./Database/DB_Print/039/039P_PR04.bmp
40,./Database/DB_Print/040/040P_PL06.bmp
40,./Database/DB_Print/040/040P_PR06.bmp
40,./Database/DB_Print/040/040P_PL05.bmp
40,./Database/DB_Print/040/040P_PL07.bmp
40,./Database/DB_Print/040/040P_PL09.bmp
40,./Database/DB_Print/040/040P_PR08.bmp
40,./Database/DB_Print/040/040P_PL10.bmp
40,./Database/DB_Print/040/040P_PR07.bmp
40,./Database/DB_Print/040/040P_PR10.bmp
40,./Database/DB_Print/040/040P_PL04.bmp
40,./Database/DB_Print/040/040P_PL01.bmp
40,./Database/DB_Print/040/040P_PR05.bmp
40,./Database/DB_Print/040/040P_PR09.bmp
40,./Database/DB_Print/040/040P_PR04.bmp
40,./Database/DB_Print/040/040P_PR03.bmp
40,./Database/DB_Print/040/040P_PL02.bmp
40,./Database/DB_Print/040/040P_PL08.bmp
40,./Database/DB_Print/040/040P_PR02.bmp
40,./Database/DB_Print/040/040P_PR01.bmp
40,./Database/DB_Print/040/040P_PL03.bmp
41,./Database/DB_Print/041/041P_PL06.bmp
41,./Database/DB_Print/041/041P_PL02.bmp
41,./Database/DB_Print/041/041P_PR03.bmp
41,./Database/DB_Print/041/041P_PL04.bmp
41,./Database/DB_Print/041/041P_PR08.bmp
41,./Database/DB_Print/041/041P_PL09.bmp
41,./Database/DB_Print/041/041P_PL10.bmp
41,./Database/DB_Print/041/041P_PR06.bmp
41,./Database/DB_Print/041/041P_PL05.bmp
41,./Database/DB_Print/041/041P_PR07.bmp
41,./Database/DB_Print/041/041P_PL03.bmp
41,./Database/DB_Print/041/041P_PL07.bmp
41,./Database/DB_Print/041/041P_PR09.bmp
41,./Database/DB_Print/041/041P_PL08.bmp
41,./Database/DB_Print/041/041P_PR04.bmp
41,./Database/DB_Print/041/041P_PL01.bmp
41,./Database/DB_Print/041/041P_PR05.bmp
41,./Database/DB_Print/041/041P_PR02.bmp
41,./Database/DB_Print/041/041P_PR10.bmp
41,./Database/DB_Print/041/041P_PR01.bmp
42,./Database/DB_Print/042/042P_PL02.bmp
42,./Database/DB_Print/042/042P_PR02.bmp
42,./Database/DB_Print/042/042P_PL07.bmp
42,./Database/DB_Print/042/042P_PL08.bmp
42,./Database/DB_Print/042/042P_PR01.bmp
42,./Database/DB_Print/042/042P_PR10.bmp
42,./Database/DB_Print/042/042P_PR08.bmp
42,./Database/DB_Print/042/042P_PR09.bmp
42,./Database/DB_Print/042/042P_PR03.bmp
42,./Database/DB_Print/042/042P_PL06.bmp
42,./Database/DB_Print/042/042P_PR04.bmp
42,./Database/DB_Print/042/042P_PL05.bmp
42,./Database/DB_Print/042/042P_PR06.bmp
42,./Database/DB_Print/042/042P_PL03.bmp
42,./Database/DB_Print/042/042P_PL01.bmp
42,./Database/DB_Print/042/042P_PR07.bmp
42,./Database/DB_Print/042/042P_PL10.bmp
42,./Database/DB_Print/042/042P_PL09.bmp
42,./Database/DB_Print/042/042P_PR05.bmp
42,./Database/DB_Print/042/042P_PL04.bmp
43,./Database/DB_Print/043/043P_PL10.bmp
43,./Database/DB_Print/043/043P_PL05.bmp
43,./Database/DB_Print/043/043P_PR09.bmp
43,./Database/DB_Print/043/043P_PL07.bmp
43,./Database/DB_Print/043/043P_PR08.bmp
43,./Database/DB_Print/043/043P_PL01.bmp
43,./Database/DB_Print/043/043P_PR01.bmp
43,./Database/DB_Print/043/043P_PL08.bmp
43,./Database/DB_Print/043/043P_PL04.bmp
43,./Database/DB_Print/043/043P_PL03.bmp
43,./Database/DB_Print/043/043P_PR05.bmp
43,./Database/DB_Print/043/043P_PR06.bmp
43,./Database/DB_Print/043/043P_PR04.bmp
43,./Database/DB_Print/043/043P_PL06.bmp
43,./Database/DB_Print/043/043P_PL09.bmp
43,./Database/DB_Print/043/043P_PL02.bmp
43,./Database/DB_Print/043/043P_PR10.bmp
43,./Database/DB_Print/043/043P_PR03.bmp
43,./Database/DB_Print/043/043P_PR07.bmp
43,./Database/DB_Print/043/043P_PR02.bmp
44,./Database/DB_Print/044/044P_PL01.bmp
44,./Database/DB_Print/044/044P_PR02.bmp
44,./Database/DB_Print/044/044P_PL03.bmp
44,./Database/DB_Print/044/044P_PL02.bmp
44,./Database/DB_Print/044/044P_PL04.bmp
44,./Database/DB_Print/044/044P_PR01.bmp
44,./Database/DB_Print/044/044P_PR07.bmp
44,./Database/DB_Print/044/044P_PL07.bmp
44,./Database/DB_Print/044/044P_PL08.bmp
44,./Database/DB_Print/044/044P_PL06.bmp
44,./Database/DB_Print/044/044P_PR05.bmp
44,./Database/DB_Print/044/044P_PR09.bmp
44,./Database/DB_Print/044/044P_PL09.bmp
44,./Database/DB_Print/044/044P_PR10.bmp
44,./Database/DB_Print/044/044P_PR04.bmp
44,./Database/DB_Print/044/044P_PR06.bmp
44,./Database/DB_Print/044/044P_PL10.bmp
44,./Database/DB_Print/044/044P_PR03.bmp
44,./Database/DB_Print/044/044P_PL05.bmp
44,./Database/DB_Print/044/044P_PR08.bmp
45,./Database/DB_Print/045/045P_PL02.bmp
45,./Database/DB_Print/045/045P_PR05.bmp
45,./Database/DB_Print/045/045P_PL03.bmp
45,./Database/DB_Print/045/045P_PL05.bmp
45,./Database/DB_Print/045/045P_PR10.bmp
45,./Database/DB_Print/045/045P_PR03.bmp
45,./Database/DB_Print/045/045P_PR02.bmp
45,./Database/DB_Print/045/045P_PL01.bmp
45,./Database/DB_Print/045/045P_PL10.bmp
45,./Database/DB_Print/045/045P_PR07.bmp
45,./Database/DB_Print/045/045P_PL08.bmp
45,./Database/DB_Print/045/045P_PR08.bmp
45,./Database/DB_Print/045/045P_PL06.bmp
45,./Database/DB_Print/045/045P_PL04.bmp
45,./Database/DB_Print/045/045P_PR06.bmp
45,./Database/DB_Print/045/045P_PL07.bmp
45,./Database/DB_Print/045/045P_PR09.bmp
45,./Database/DB_Print/045/045P_PR01.bmp
45,./Database/DB_Print/045/045P_PL09.bmp
45,./Database/DB_Print/045/045P_PR04.bmp
46,./Database/DB_Print/046/046P_PR07.bmp
46,./Database/DB_Print/046/046P_PR06.bmp
46,./Database/DB_Print/046/046P_PR05.bmp
46,./Database/DB_Print/046/046P_PL07.bmp
46,./Database/DB_Print/046/046P_PR03.bmp
46,./Database/DB_Print/046/046P_PL04.bmp
46,./Database/DB_Print/046/046P_PL09.bmp
46,./Database/DB_Print/046/046P_PR02.bmp
46,./Database/DB_Print/046/046P_PL10.bmp
46,./Database/DB_Print/046/046P_PR10.bmp
46,./Database/DB_Print/046/046P_PL02.bmp
46,./Database/DB_Print/046/046P_PL01.bmp
46,./Database/DB_Print/046/046P_PR08.bmp
46,./Database/DB_Print/046/046P_PR09.bmp
46,./Database/DB_Print/046/046P_PL05.bmp
46,./Database/DB_Print/046/046P_PL06.bmp
46,./Database/DB_Print/046/046P_PR01.bmp
46,./Database/DB_Print/046/046P_PL08.bmp
46,./Database/DB_Print/046/046P_PR04.bmp
46,./Database/DB_Print/046/046P_PL03.bmp
47,./Database/DB_Print/047/047P_PL09.bmp
47,./Database/DB_Print/047/047P_PL10.bmp
47,./Database/DB_Print/047/047P_PL02.bmp
47,./Database/DB_Print/047/047P_PL01.bmp
47,./Database/DB_Print/047/047P_PR04.bmp
47,./Database/DB_Print/047/047P_PL06.bmp
47,./Database/DB_Print/047/047P_PR10.bmp
47,./Database/DB_Print/047/047P_PR05.bmp
47,./Database/DB_Print/047/047P_PL03.bmp
47,./Database/DB_Print/047/047P_PL05.bmp
47,./Database/DB_Print/047/047P_PR07.bmp
47,./Database/DB_Print/047/047P_PR01.bmp
47,./Database/DB_Print/047/047P_PR06.bmp
47,./Database/DB_Print/047/047P_PL08.bmp
47,./Database/DB_Print/047/047P_PL04.bmp
47,./Database/DB_Print/047/047P_PR02.bmp
47,./Database/DB_Print/047/047P_PR09.bmp
47,./Database/DB_Print/047/047P_PR03.bmp
47,./Database/DB_Print/047/047P_PR08.bmp
47,./Database/DB_Print/047/047P_PL07.bmp
48,./Database/DB_Print/048/048P_PR05.bmp
48,./Database/DB_Print/048/048P_PL03.bmp
48,./Database/DB_Print/048/048P_PR08.bmp
48,./Database/DB_Print/048/048P_PL04.bmp
48,./Database/DB_Print/048/048P_PR04.bmp
48,./Database/DB_Print/048/048P_PL01.bmp
48,./Database/DB_Print/048/048P_PL07.bmp
48,./Database/DB_Print/048/048P_PR01.bmp
48,./Database/DB_Print/048/048P_PL09.bmp
48,./Database/DB_Print/048/048P_PR02.bmp
48,./Database/DB_Print/048/048P_PR07.bmp
48,./Database/DB_Print/048/048P_PL10.bmp
48,./Database/DB_Print/048/048P_PR06.bmp
48,./Database/DB_Print/048/048P_PL06.bmp
48,./Database/DB_Print/048/048P_PR03.bmp
48,./Database/DB_Print/048/048P_PL02.bmp
48,./Database/DB_Print/048/048P_PR10.bmp
48,./Database/DB_Print/048/048P_PR09.bmp
48,./Database/DB_Print/048/048P_PL05.bmp
48,./Database/DB_Print/048/048P_PL08.bmp
49,./Database/DB_Print/049/049P_PL07.bmp
49,./Database/DB_Print/049/049P_PR06.bmp
49,./Database/DB_Print/049/049P_PR10.bmp
49,./Database/DB_Print/049/049P_PR04.bmp
49,./Database/DB_Print/049/049P_PL06.bmp
49,./Database/DB_Print/049/049P_PL08.bmp
49,./Database/DB_Print/049/049P_PL05.bmp
49,./Database/DB_Print/049/049P_PR03.bmp
49,./Database/DB_Print/049/049P_PR02.bmp
49,./Database/DB_Print/049/049P_PR05.bmp
49,./Database/DB_Print/049/049P_PR09.bmp
49,./Database/DB_Print/049/049P_PR08.bmp
49,./Database/DB_Print/049/049P_PL09.bmp
49,./Database/DB_Print/049/049P_PL10.bmp
49,./Database/DB_Print/049/049P_PR07.bmp
49,./Database/DB_Print/049/049P_PL01.bmp
49,./Database/DB_Print/049/049P_PL02.bmp
49,./Database/DB_Print/049/049P_PL04.bmp
49,./Database/DB_Print/049/049P_PL03.bmp
49,./Database/DB_Print/049/049P_PR01.bmp
50,./Database/DB_Print/050/050P_PR05.bmp
50,./Database/DB_Print/050/050P_PL05.bmp
50,./Database/DB_Print/050/050P_PL01.bmp
50,./Database/DB_Print/050/050P_PL02.bmp
50,./Database/DB_Print/050/050P_PL07.bmp
50,./Database/DB_Print/050/050P_PL10.bmp
50,./Database/DB_Print/050/050P_PR10.bmp
50,./Database/DB_Print/050/050P_PR04.bmp
50,./Database/DB_Print/050/050P_PR07.bmp
50,./Database/DB_Print/050/050P_PL03.bmp
50,./Database/DB_Print/050/050P_PR09.bmp
50,./Database/DB_Print/050/050P_PL08.bmp
50,./Database/DB_Print/050/050P_PR08.bmp
50,./Database/DB_Print/050/050P_PL04.bmp
50,./Database/DB_Print/050/050P_PR06.bmp
50,./Database/DB_Print/050/050P_PL06.bmp
50,./Database/DB_Print/050/050P_PR01.bmp
50,./Database/DB_Print/050/050P_PR02.bmp
50,./Database/DB_Print/050/050P_PL09.bmp
50,./Database/DB_Print/050/050P_PR03.bmp
51,./Database/DB_Print/051/051P_PL09.bmp
51,./Database/DB_Print/051/051P_PR01.bmp
51,./Database/DB_Print/051/051P_PR03.bmp
51,./Database/DB_Print/051/051P_PL06.bmp
51,./Database/DB_Print/051/051P_PR05.bmp
51,./Database/DB_Print/051/051P_PL04.bmp
51,./Database/DB_Print/051/051P_PR10.bmp
51,./Database/DB_Print/051/051P_PR09.bmp
51,./Database/DB_Print/051/051P_PL07.bmp
51,./Database/DB_Print/051/051P_PL05.bmp
51,./Database/DB_Print/051/051P_PL02.bmp
51,./Database/DB_Print/051/051P_PR06.bmp
51,./Database/DB_Print/051/051P_PR04.bmp
51,./Database/DB_Print/051/051P_PL10.bmp
51,./Database/DB_Print/051/051P_PR02.bmp
51,./Database/DB_Print/051/051P_PL08.bmp
51,./Database/DB_Print/051/051P_PR07.bmp
51,./Database/DB_Print/051/051P_PL03.bmp
51,./Database/DB_Print/051/051P_PL01.bmp
51,./Database/DB_Print/051/051P_PR08.bmp
52,./Database/DB_Print/052/052P_PL03.bmp
52,./Database/DB_Print/052/052P_PL09.bmp
52,./Database/DB_Print/052/052P_PL02.bmp
52,./Database/DB_Print/052/052P_PR08.bmp
52,./Database/DB_Print/052/052P_PR07.bmp
52,./Database/DB_Print/052/052P_PR03.bmp
52,./Database/DB_Print/052/052P_PR01.bmp
52,./Database/DB_Print/052/052P_PL05.bmp
52,./Database/DB_Print/052/052P_PR05.bmp
52,./Database/DB_Print/052/052P_PR10.bmp
52,./Database/DB_Print/052/052P_PL06.bmp
52,./Database/DB_Print/052/052P_PR06.bmp
52,./Database/DB_Print/052/052P_PR02.bmp
52,./Database/DB_Print/052/052P_PL08.bmp
52,./Database/DB_Print/052/052P_PR09.bmp
52,./Database/DB_Print/052/052P_PL04.bmp
52,./Database/DB_Print/052/052P_PL01.bmp
52,./Database/DB_Print/052/052P_PL07.bmp
52,./Database/DB_Print/052/052P_PL10.bmp
52,./Database/DB_Print/052/052P_PR04.bmp
54,./Database/DB_Print/054/054P_PR04.bmp
54,./Database/DB_Print/054/054P_PR06.bmp
54,./Database/DB_Print/054/054P_PL08.bmp
54,./Database/DB_Print/054/054P_PR09.bmp
54,./Database/DB_Print/054/054P_PL04.bmp
54,./Database/DB_Print/054/054P_PR05.bmp
54,./Database/DB_Print/054/054P_PR01.bmp
54,./Database/DB_Print/054/054P_PL03.bmp
54,./Database/DB_Print/054/054P_PR03.bmp
54,./Database/DB_Print/054/054P_PL01.bmp
54,./Database/DB_Print/054/054P_PL06.bmp
54,./Database/DB_Print/054/054P_PR08.bmp
54,./Database/DB_Print/054/054P_PL05.bmp
54,./Database/DB_Print/054/054P_PL09.bmp
54,./Database/DB_Print/054/054P_PL07.bmp
54,./Database/DB_Print/054/054P_PR10.bmp
54,./Database/DB_Print/054/054P_PR07.bmp
54,./Database/DB_Print/054/054P_PL02.bmp
54,./Database/DB_Print/054/054P_PL10.bmp
54,./Database/DB_Print/054/054P_PR02.bmp
56,./Database/DB_Print/056/056P_PR05.bmp
56,./Database/DB_Print/056/056P_PL03.bmp
56,./Database/DB_Print/056/056P_PL09.bmp
56,./Database/DB_Print/056/056P_PL01.bmp
56,./Database/DB_Print/056/056P_PR02.bmp
56,./Database/DB_Print/056/056P_PR06.bmp
56,./Database/DB_Print/056/056P_PL10.bmp
56,./Database/DB_Print/056/056P_PL05.bmp
56,./Database/DB_Print/056/056P_PL04.bmp
56,./Database/DB_Print/056/056P_PL08.bmp
56,./Database/DB_Print/056/056P_PR01.bmp
56,./Database/DB_Print/056/056P_PL07.bmp
56,./Database/DB_Print/056/056P_PR08.bmp
56,./Database/DB_Print/056/056P_PR03.bmp
56,./Database/DB_Print/056/056P_PR04.bmp
56,./Database/DB_Print/056/056P_PL02.bmp
56,./Database/DB_Print/056/056P_PR09.bmp
56,./Database/DB_Print/056/056P_PL06.bmp
56,./Database/DB_Print/056/056P_PR10.bmp
56,./Database/DB_Print/056/056P_PR07.bmp
57,./Database/DB_Print/057/057P_PR09.bmp
57,./Database/DB_Print/057/057P_PR06.bmp
57,./Database/DB_Print/057/057P_PR02.bmp
57,./Database/DB_Print/057/057P_PR05.bmp
57,./Database/DB_Print/057/057P_PR07.bmp
57,./Database/DB_Print/057/057P_PL08.bmp
57,./Database/DB_Print/057/057P_PL01.bmp
57,./Database/DB_Print/057/057P_PL05.bmp
57,./Database/DB_Print/057/057P_PL02.bmp
57,./Database/DB_Print/057/057P_PR08.bmp
57,./Database/DB_Print/057/057P_PL10.bmp
57,./Database/DB_Print/057/057P_PR03.bmp
57,./Database/DB_Print/057/057P_PR04.bmp
57,./Database/DB_Print/057/057P_PR01.bmp
57,./Database/DB_Print/057/057P_PL04.bmp
57,./Database/DB_Print/057/057P_PL06.bmp
57,./Database/DB_Print/057/057P_PL03.bmp
57,./Database/DB_Print/057/057P_PL09.bmp
57,./Database/DB_Print/057/057P_PR10.bmp
57,./Database/DB_Print/057/057P_PL07.bmp
58,./Database/DB_Print/058/058P_PR06.bmp
58,./Database/DB_Print/058/058P_PR05.bmp
58,./Database/DB_Print/058/058P_PL09.bmp
58,./Database/DB_Print/058/058P_PR08.bmp
58,./Database/DB_Print/058/058P_PL07.bmp
58,./Database/DB_Print/058/058P_PR04.bmp
58,./Database/DB_Print/058/058P_PR07.bmp
58,./Database/DB_Print/058/058P_PR03.bmp
58,./Database/DB_Print/058/058P_PL10.bmp
58,./Database/DB_Print/058/058P_PR10.bmp
58,./Database/DB_Print/058/058P_PL01.bmp
58,./Database/DB_Print/058/058P_PL08.bmp
58,./Database/DB_Print/058/058P_PL04.bmp
58,./Database/DB_Print/058/058P_PL06.bmp
58,./Database/DB_Print/058/058P_PL03.bmp
58,./Database/DB_Print/058/058P_PR02.bmp
58,./Database/DB_Print/058/058P_PR01.bmp
58,./Database/DB_Print/058/058P_PL02.bmp
58,./Database/DB_Print/058/058P_PR09.bmp
58,./Database/DB_Print/058/058P_PL05.bmp
59,./Database/DB_Print/059/059P_PL10.bmp
59,./Database/DB_Print/059/059P_PL09.bmp
59,./Database/DB_Print/059/059P_PR08.bmp
59,./Database/DB_Print/059/059P_PL03.bmp
59,./Database/DB_Print/059/059P_PR04.bmp
59,./Database/DB_Print/059/059P_PL04.bmp
59,./Database/DB_Print/059/059P_PL01.bmp
59,./Database/DB_Print/059/059P_PL06.bmp
59,./Database/DB_Print/059/059P_PR02.bmp
59,./Database/DB_Print/059/059P_PL02.bmp
59,./Database/DB_Print/059/059P_PR09.bmp
59,./Database/DB_Print/059/059P_PR07.bmp
59,./Database/DB_Print/059/059P_PL08.bmp
59,./Database/DB_Print/059/059P_PR10.bmp
59,./Database/DB_Print/059/059P_PL05.bmp
59,./Database/DB_Print/059/059P_PR05.bmp
59,./Database/DB_Print/059/059P_PL07.bmp
59,./Database/DB_Print/059/059P_PR06.bmp
59,./Database/DB_Print/059/059P_PR03.bmp
59,./Database/DB_Print/059/059P_PR01.bmp
60,./Database/DB_Print/060/060P_PL01.bmp
60,./Database/DB_Print/060/060P_PR02.bmp
60,./Database/DB_Print/060/060P_PR09.bmp
60,./Database/DB_Print/060/060P_PR06.bmp
60,./Database/DB_Print/060/060P_PL05.bmp
60,./Database/DB_Print/060/060P_PL03.bmp
60,./Database/DB_Print/060/060P_PR01.bmp
60,./Database/DB_Print/060/060P_PR07.bmp
60,./Database/DB_Print/060/060P_PL04.bmp
60,./Database/DB_Print/060/060P_PR08.bmp
60,./Database/DB_Print/060/060P_PL06.bmp
60,./Database/DB_Print/060/060P_PR05.bmp
60,./Database/DB_Print/060/060P_PL02.bmp
60,./Database/DB_Print/060/060P_PL10.bmp
60,./Database/DB_Print/060/060P_PL07.bmp
60,./Database/DB_Print/060/060P_PL08.bmp
60,./Database/DB_Print/060/060P_PR10.bmp
60,./Database/DB_Print/060/060P_PR04.bmp
60,./Database/DB_Print/060/060P_PR03.bmp
60,./Database/DB_Print/060/060P_PL09.bmp
61,./Database/DB_Print/061/061P_PL03.bmp
61,./Database/DB_Print/061/061P_PR07.bmp
61,./Database/DB_Print/061/061P_PL10.bmp
61,./Database/DB_Print/061/061P_PL09.bmp
61,./Database/DB_Print/061/061P_PL04.bmp
61,./Database/DB_Print/061/061P_PR09.bmp
61,./Database/DB_Print/061/061P_PR10.bmp
61,./Database/DB_Print/061/061P_PR02.bmp
61,./Database/DB_Print/061/061P_PL06.bmp
61,./Database/DB_Print/061/061P_PR01.bmp
61,./Database/DB_Print/061/061P_PR04.bmp
61,./Database/DB_Print/061/061P_PR05.bmp
61,./Database/DB_Print/061/061P_PL08.bmp
61,./Database/DB_Print/061/061P_PL07.bmp
61,./Database/DB_Print/061/061P_PR08.bmp
61,./Database/DB_Print/061/061P_PL02.bmp
61,./Database/DB_Print/061/061P_PR06.bmp
61,./Database/DB_Print/061/061P_PR03.bmp
61,./Database/DB_Print/061/061P_PL05.bmp
61,./Database/DB_Print/061/061P_PL01.bmp
62,./Database/DB_Print/062/062P_PR01.bmp
62,./Database/DB_Print/062/062P_PL08.bmp
62,./Database/DB_Print/062/062P_PR08.bmp
62,./Database/DB_Print/062/062P_PL05.bmp
62,./Database/DB_Print/062/062P_PR09.bmp
62,./Database/DB_Print/062/062P_PR02.bmp
62,./Database/DB_Print/062/062P_PL10.bmp
62,./Database/DB_Print/062/062P_PR10.bmp
62,./Database/DB_Print/062/062P_PR07.bmp
62,./Database/DB_Print/062/062P_PL01.bmp
62,./Database/DB_Print/062/062P_PL07.bmp
62,./Database/DB_Print/062/062P_PR05.bmp
62,./Database/DB_Print/062/062P_PR06.bmp
62,./Database/DB_Print/062/062P_PR04.bmp
62,./Database/DB_Print/062/062P_PL04.bmp
62,./Database/DB_Print/062/062P_PL03.bmp
62,./Database/DB_Print/062/062P_PR03.bmp
62,./Database/DB_Print/062/062P_PL09.bmp
62,./Database/DB_Print/062/062P_PL02.bmp
62,./Database/DB_Print/062/062P_PL06.bmp
65,./Database/DB_Print/065/065P_PR01.bmp
65,./Database/DB_Print/065/065P_PL05.bmp
65,./Database/DB_Print/065/065P_PR05.bmp
65,./Database/DB_Print/065/065P_PR04.bmp
65,./Database/DB_Print/065/065P_PR09.bmp
65,./Database/DB_Print/065/065P_PR10.bmp
65,./Database/DB_Print/065/065P_PL10.bmp
65,./Database/DB_Print/065/065P_PL01.bmp
65,./Database/DB_Print/065/065P_PL08.bmp
65,./Database/DB_Print/065/065P_PL09.bmp
65,./Database/DB_Print/065/065P_PL02.bmp
65,./Database/DB_Print/065/065P_PR06.bmp
65,./Database/DB_Print/065/065P_PR07.bmp
65,./Database/DB_Print/065/065P_PR08.bmp
65,./Database/DB_Print/065/065P_PL07.bmp
65,./Database/DB_Print/065/065P_PR02.bmp
65,./Database/DB_Print/065/065P_PL06.bmp
65,./Database/DB_Print/065/065P_PL03.bmp
65,./Database/DB_Print/065/065P_PL04.bmp
65,./Database/DB_Print/065/065P_PR03.bmp
66,./Database/DB_Print/066/066P_PR09.bmp
66,./Database/DB_Print/066/066P_PL01.bmp
66,./Database/DB_Print/066/066P_PL02.bmp
66,./Database/DB_Print/066/066P_PL07.bmp
66,./Database/DB_Print/066/066P_PR03.bmp
66,./Database/DB_Print/066/066P_PL08.bmp
66,./Database/DB_Print/066/066P_PL09.bmp
66,./Database/DB_Print/066/066P_PL06.bmp
66,./Database/DB_Print/066/066P_PL03.bmp
66,./Database/DB_Print/066/066P_PR08.bmp
66,./Database/DB_Print/066/066P_PR01.bmp
66,./Database/DB_Print/066/066P_PR04.bmp
66,./Database/DB_Print/066/066P_PL04.bmp
66,./Database/DB_Print/066/066P_PR10.bmp
66,./Database/DB_Print/066/066P_PR02.bmp
66,./Database/DB_Print/066/066P_PL05.bmp
66,./Database/DB_Print/066/066P_PR05.bmp
66,./Database/DB_Print/066/066P_PL10.bmp
66,./Database/DB_Print/066/066P_PR06.bmp
66,./Database/DB_Print/066/066P_PR07.bmp
67,./Database/DB_Print/067/067P_PL04.bmp
67,./Database/DB_Print/067/067P_PL05.bmp
67,./Database/DB_Print/067/067P_PR04.bmp
67,./Database/DB_Print/067/067P_PL08.bmp
67,./Database/DB_Print/067/067P_PL03.bmp
67,./Database/DB_Print/067/067P_PR07.bmp
67,./Database/DB_Print/067/067P_PR06.bmp
67,./Database/DB_Print/067/067P_PR09.bmp
67,./Database/DB_Print/067/067P_PL10.bmp
67,./Database/DB_Print/067/067P_PR02.bmp
67,./Database/DB_Print/067/067P_PL07.bmp
67,./Database/DB_Print/067/067P_PR08.bmp
67,./Database/DB_Print/067/067P_PL01.bmp
67,./Database/DB_Print/067/067P_PR03.bmp
67,./Database/DB_Print/067/067P_PR01.bmp
67,./Database/DB_Print/067/067P_PR05.bmp
67,./Database/DB_Print/067/067P_PL02.bmp
67,./Database/DB_Print/067/067P_PL06.bmp
67,./Database/DB_Print/067/067P_PL09.bmp
67,./Database/DB_Print/067/067P_PR10.bmp
68,./Database/DB_Print/068/068P_PL02.bmp
68,./Database/DB_Print/068/068P_PR07.bmp
68,./Database/DB_Print/068/068P_PR03.bmp
68,./Database/DB_Print/068/068P_PR04.bmp
68,./Database/DB_Print/068/068P_PR10.bmp
68,./Database/DB_Print/068/068P_PL08.bmp
68,./Database/DB_Print/068/068P_PL05.bmp
68,./Database/DB_Print/068/068P_PL09.bmp
68,./Database/DB_Print/068/068P_PR05.bmp
68,./Database/DB_Print/068/068P_PR06.bmp
68,./Database/DB_Print/068/068P_PL06.bmp
68,./Database/DB_Print/068/068P_PR08.bmp
68,./Database/DB_Print/068/068P_PR09.bmp
68,./Database/DB_Print/068/068P_PL10.bmp
68,./Database/DB_Print/068/068P_PL01.bmp
68,./Database/DB_Print/068/068P_PL07.bmp
68,./Database/DB_Print/068/068P_PL04.bmp
68,./Database/DB_Print/068/068P_PR02.bmp
68,./Database/DB_Print/068/068P_PL03.bmp
68,./Database/DB_Print/068/068P_PR01.bmp
69,./Database/DB_Print/069/069P_PL02.bmp
69,./Database/DB_Print/069/069P_PR08.bmp
69,./Database/DB_Print/069/069P_PL09.bmp
69,./Database/DB_Print/069/069P_PL10.bmp
69,./Database/DB_Print/069/069P_PR10.bmp
69,./Database/DB_Print/069/069P_PR09.bmp
69,./Database/DB_Print/069/069P_PR04.bmp
69,./Database/DB_Print/069/069P_PR07.bmp
69,./Database/DB_Print/069/069P_PR02.bmp
69,./Database/DB_Print/069/069P_PL03.bmp
69,./Database/DB_Print/069/069P_PL07.bmp
69,./Database/DB_Print/069/069P_PR05.bmp
69,./Database/DB_Print/069/069P_PR03.bmp
69,./Database/DB_Print/069/069P_PL01.bmp
69,./Database/DB_Print/069/069P_PR06.bmp
69,./Database/DB_Print/069/069P_PL08.bmp
69,./Database/DB_Print/069/069P_PL05.bmp
69,./Database/DB_Print/069/069P_PL04.bmp
69,./Database/DB_Print/069/069P_PL06.bmp
69,./Database/DB_Print/069/069P_PR01.bmp
72,./Database/DB_Print/072/072P_PR04.bmp
72,./Database/DB_Print/072/072P_PL05.bmp
72,./Database/DB_Print/072/072P_PR06.bmp
72,./Database/DB_Print/072/072P_PL10.bmp
72,./Database/DB_Print/072/072P_PR03.bmp
72,./Database/DB_Print/072/072P_PL03.bmp
72,./Database/DB_Print/072/072P_PL09.bmp
72,./Database/DB_Print/072/072P_PR05.bmp
72,./Database/DB_Print/072/072P_PR08.bmp
72,./Database/DB_Print/072/072P_PR07.bmp
72,./Database/DB_Print/072/072P_PL06.bmp
72,./Database/DB_Print/072/072P_PL07.bmp
72,./Database/DB_Print/072/072P_PR09.bmp
72,./Database/DB_Print/072/072P_PL01.bmp
72,./Database/DB_Print/072/072P_PR10.bmp
72,./Database/DB_Print/072/072P_PL02.bmp
72,./Database/DB_Print/072/072P_PR02.bmp
72,./Database/DB_Print/072/072P_PL04.bmp
72,./Database/DB_Print/072/072P_PR01.bmp
72,./Database/DB_Print/072/072P_PL08.bmp
73,./Database/DB_Print/073/073P_PR02.bmp
73,./Database/DB_Print/073/073P_PR08.bmp
73,./Database/DB_Print/073/073P_PL07.bmp
73,./Database/DB_Print/073/073P_PL03.bmp
73,./Database/DB_Print/073/073P_PR07.bmp
73,./Database/DB_Print/073/073P_PR06.bmp
73,./Database/DB_Print/073/073P_PL01.bmp
73,./Database/DB_Print/073/073P_PR10.bmp
73,./Database/DB_Print/073/073P_PL08.bmp
73,./Database/DB_Print/073/073P_PL10.bmp
73,./Database/DB_Print/073/073P_PR05.bmp
73,./Database/DB_Print/073/073P_PR03.bmp
73,./Database/DB_Print/073/073P_PL09.bmp
73,./Database/DB_Print/073/073P_PL04.bmp
73,./Database/DB_Print/073/073P_PL06.bmp
73,./Database/DB_Print/073/073P_PL02.bmp
73,./Database/DB_Print/073/073P_PL05.bmp
73,./Database/DB_Print/073/073P_PR01.bmp
73,./Database/DB_Print/073/073P_PR04.bmp
73,./Database/DB_Print/073/073P_PR09.bmp
75,./Database/DB_Print/075/075P_PL07.bmp
75,./Database/DB_Print/075/075P_PL05.bmp
75,./Database/DB_Print/075/075P_PR01.bmp
75,./Database/DB_Print/075/075P_PL01.bmp
75,./Database/DB_Print/075/075P_PR03.bmp
75,./Database/DB_Print/075/075P_PL09.bmp
75,./Database/DB_Print/075/075P_PR08.bmp
75,./Database/DB_Print/075/075P_PR05.bmp
75,./Database/DB_Print/075/075P_PR10.bmp
75,./Database/DB_Print/075/075P_PR02.bmp
75,./Database/DB_Print/075/075P_PL02.bmp
75,./Database/DB_Print/075/075P_PL10.bmp
75,./Database/DB_Print/075/075P_PR09.bmp
75,./Database/DB_Print/075/075P_PL06.bmp
75,./Database/DB_Print/075/075P_PL04.bmp
75,./Database/DB_Print/075/075P_PR04.bmp
75,./Database/DB_Print/075/075P_PR07.bmp
75,./Database/DB_Print/075/075P_PL08.bmp
75,./Database/DB_Print/075/075P_PR06.bmp
75,./Database/DB_Print/075/075P_PL03.bmp
76,./Database/DB_Print/076/076P_PR02.bmp
76,./Database/DB_Print/076/076P_PR09.bmp
76,./Database/DB_Print/076/076P_PR08.bmp
76,./Database/DB_Print/076/076P_PL03.bmp
76,./Database/DB_Print/076/076P_PL09.bmp
76,./Database/DB_Print/076/076P_PR10.bmp
76,./Database/DB_Print/076/076P_PR03.bmp
76,./Database/DB_Print/076/076P_PL04.bmp
76,./Database/DB_Print/076/076P_PR07.bmp
76,./Database/DB_Print/076/076P_PL02.bmp
76,./Database/DB_Print/076/076P_PL10.bmp
76,./Database/DB_Print/076/076P_PR01.bmp
76,./Database/DB_Print/076/076P_PR04.bmp
76,./Database/DB_Print/076/076P_PL07.bmp
76,./Database/DB_Print/076/076P_PL05.bmp
76,./Database/DB_Print/076/076P_PL06.bmp
76,./Database/DB_Print/076/076P_PL08.bmp
76,./Database/DB_Print/076/076P_PR05.bmp
76,./Database/DB_Print/076/076P_PL01.bmp
76,./Database/DB_Print/076/076P_PR06.bmp
